1175,0,0,0,0,0,0,0
452,0,0,0,0,0,0,0
275,0,0,0,0,0,0,0
869,0,0,0,0,0,0,0
50,1,1,1,1,1,1,1
1155,0,0,0,0,0,0,0
1395,1,1,1,0,1,1,0
967,0,0,0,0,0,0,0
906,0,0,0,0,0,0,0
1465,1,1,1,1,1,1,1
1680,0,0,0,0,0,0,0
1964,0,0,0,0,0,0,0
830,0,0,0,0,0,0,0
174,0,0,1,1,1,0,1
461,1,1,1,1,1,1,1
1978,1,1,1,1,1,1,1
495,0,0,0,0,0,0,0
1388,0,0,0,0,0,0,0
1572,1,1,1,1,1,1,1
305,0,0,0,0,0,0,0
1695,1,0,1,1,1,1,1
1886,1,1,1,1,1,1,1
878,0,0,0,0,0,0,0
754,0,0,0,0,0,0,0
1444,0,0,0,0,0,0,0
1065,0,0,0,0,0,0,0
543,0,0,0,0,0,1,0
518,1,1,1,1,1,1,1
692,1,1,1,1,1,1,1
1296,0,0,1,0,0,0,0
1893,1,1,1,1,1,1,1
1915,1,1,1,1,1,1,1
418,1,1,1,1,1,1,1
953,1,1,1,1,1,1,1
1148,0,0,0,0,0,0,0
1943,1,1,1,1,1,1,1
105,1,1,1,1,1,1,1
1222,0,0,0,0,0,0,0
400,0,0,0,0,0,0,0
1610,0,0,0,0,0,0,0
230,0,0,0,0,0,0,0
1172,0,1,0,1,1,1,0
947,1,1,1,1,1,1,1
1144,1,1,1,1,1,1,1
1017,1,1,1,1,1,1,1
1063,1,1,1,1,1,1,1
930,1,1,1,1,1,1,1
83,1,1,1,1,1,1,1
1145,1,1,1,1,1,1,1
363,1,1,1,1,1,1,1
338,1,1,1,1,1,1,1
391,1,1,1,1,1,1,1
1139,1,1,1,1,1,1,1
688,0,0,0,0,0,0,0
704,0,0,0,0,0,0,0
1544,0,1,0,0,0,1,0
1760,0,0,0,0,0,0,0
303,1,1,1,1,1,1,1
850,1,1,1,1,1,1,1
924,1,1,1,1,1,1,1
1840,1,1,1,1,1,1,1
292,1,1,1,1,1,1,1
7,0,0,0,0,0,0,0
800,0,0,0,0,0,0,0
1177,1,1,1,1,1,1,1
259,0,0,0,0,0,0,0
274,0,1,0,0,1,0,0
1031,1,1,1,1,1,1,1
377,1,0,1,1,1,1,1
1225,0,0,0,0,0,0,0
396,1,1,1,1,1,1,1
1860,1,1,1,1,1,1,1
1500,0,0,0,0,0,0,0
1625,1,1,1,1,1,1,1
896,0,0,0,0,1,0,0
1704,1,1,1,1,1,1,1
1280,1,1,1,1,0,1,1
125,0,0,0,0,0,0,0
1509,0,0,0,0,0,0,0
458,0,0,0,0,0,0,0
697,0,0,0,0,0,0,0
1483,1,1,1,1,1,1,1
317,0,0,0,0,0,0,0
757,0,0,0,0,0,0,0
770,1,1,1,1,1,1,1
1976,0,1,1,1,0,1,1
970,0,0,0,0,0,0,0
1712,0,0,0,0,0,0,0
82,0,0,0,0,1,1,1
438,1,1,0,1,1,1,1
1581,1,1,1,1,1,1,1
1269,0,1,0,0,0,0,0
255,1,1,1,1,1,1,1
717,1,1,1,1,1,1,1
1505,0,0,0,0,0,0,0
999,0,0,0,0,0,0,0
247,0,0,0,0,0,0,1
1784,1,1,1,1,1,1,1
226,1,1,1,1,1,1,1
1843,0,0,0,0,0,0,0
1122,0,0,0,0,0,0,0
860,1,1,1,1,1,1,1
1490,0,0,0,0,0,0,0
1448,1,1,1,1,1,1,1
1645,0,0,0,0,0,0,0
1718,1,1,1,1,1,1,1
1689,0,0,0,0,0,0,0
877,1,1,1,1,1,1,1
1692,0,0,0,0,0,0,0
780,0,0,0,0,0,0,0
1092,0,0,0,0,0,0,0
569,1,1,1,1,1,1,1
1410,0,0,0,0,0,0,0
1176,0,1,0,1,1,1,0
870,1,1,1,1,1,1,1
166,1,1,1,1,1,1,1
795,0,0,0,0,0,0,0
242,0,0,0,0,0,0,0
1661,1,1,1,1,1,1,1
728,1,1,1,1,1,1,1
916,0,0,0,0,0,0,0
294,1,1,1,1,1,1,1
919,1,1,1,1,1,1,1
1245,0,0,0,0,0,0,0
1032,0,0,0,0,0,0,0
1775,0,0,0,0,0,0,0
997,1,1,1,1,1,1,1
746,1,1,1,1,1,1,1
260,0,0,0,0,0,0,0
271,1,0,0,0,0,0,1
933,0,0,0,0,0,0,0
491,0,0,0,0,0,0,0
649,1,1,1,1,1,1,1
1842,0,0,0,0,0,0,0
71,0,0,0,0,0,0,0
341,0,0,0,0,0,0,0
777,0,0,0,0,0,0,0
1817,1,1,1,1,0,1,1
760,1,1,1,1,1,1,1
839,0,0,0,0,0,0,0
587,0,0,0,0,0,0,0
362,1,1,1,1,1,1,1
1716,0,0,0,0,0,0,0
892,0,0,0,0,0,0,0
25,0,0,0,0,0,0,0
1745,0,0,0,0,0,0,0
1955,1,1,1,1,1,1,1
1791,0,0,0,0,0,0,0
1650,0,0,0,0,0,0,0
1722,0,0,0,0,0,0,0
1778,1,1,1,1,1,1,1
1836,1,1,1,1,1,1,1
1887,0,0,0,0,0,0,0
329,0,0,0,0,0,0,0
1697,1,1,1,1,1,0,1
1390,1,1,1,1,1,1,1
407,0,0,0,0,0,0,0
1724,1,1,1,1,1,1,1
1421,0,0,0,0,0,0,0
397,1,1,0,1,1,1,1
675,0,0,0,0,0,0,0
2,0,1,1,1,1,0,0
142,1,1,1,1,1,1,1
853,1,1,1,1,1,1,1
1320,1,1,1,1,1,1,1
1042,1,1,1,1,1,1,1
907,1,1,1,1,1,1,1
1011,1,1,1,1,1,1,1
261,0,0,0,0,0,0,0
620,0,0,0,0,0,0,0
326,1,1,1,1,1,1,1
1902,0,0,0,0,0,0,0
86,1,1,1,1,1,1,1
300,0,0,0,0,0,0,0
570,1,1,1,1,1,1,1
68,1,1,1,1,1,1,1
1531,0,0,0,0,0,0,0
1246,1,1,1,1,1,1,1
1690,1,1,1,1,1,1,1
608,1,1,1,1,1,1,1
1765,1,1,1,1,1,1,1
1205,0,0,0,0,0,0,0
586,1,1,1,1,1,1,1
469,1,1,1,1,1,1,1
1276,1,1,1,1,1,1,1
1731,0,0,0,0,0,0,0
171,0,1,0,1,0,1,0
474,1,1,1,1,1,1,1
1392,1,1,1,1,1,1,1
1491,1,1,1,1,1,1,1
1627,1,1,0,1,0,1,1
1702,1,1,1,1,1,1,1
1774,1,1,1,1,1,1,1
612,1,1,1,1,1,1,1
1743,1,1,1,1,1,1,1
1504,1,1,1,1,1,1,1
1278,1,1,1,1,1,1,1
312,1,1,1,1,1,1,1
1431,1,1,1,1,1,1,1
1299,0,0,0,0,0,0,0
1534,0,0,0,0,0,0,0
1138,1,1,1,1,1,1,1
1575,0,0,0,0,0,0,0
638,1,1,1,1,1,1,1
628,1,1,1,1,1,1,1
1787,1,1,1,1,1,1,1
1909,1,1,1,1,1,1,1
653,1,1,1,1,1,1,1
1417,1,1,0,0,1,1,1
357,1,0,1,0,0,0,1
1929,0,0,0,0,0,0,0
1604,0,0,0,0,0,0,0
676,0,0,0,0,0,0,0
1558,0,0,0,0,1,0,0
968,1,1,1,1,1,1,1
1553,0,0,0,0,0,0,0
447,1,1,1,1,1,1,1
20,0,0,0,0,0,0,0
108,1,1,1,1,1,1,1
73,0,0,0,0,0,0,0
732,0,0,0,0,0,0,0
845,0,0,0,0,0,0,0
414,1,1,1,1,1,1,1
1393,0,0,0,0,0,0,0
809,1,1,1,1,1,1,1
1636,1,1,1,1,1,1,1
1832,1,1,1,1,1,1,1
762,0,0,0,0,0,0,0
422,0,0,0,0,0,0,0
1956,0,0,0,0,0,0,0
1262,0,0,0,0,0,0,0
131,0,0,0,0,0,0,0
835,1,1,1,1,1,1,1
1415,1,1,1,1,1,1,1
1918,1,1,1,1,1,1,1
1619,1,0,1,0,0,0,0
938,0,1,1,0,0,1,1
1788,0,0,0,0,0,0,0
1240,0,0,0,0,0,0,0
1828,0,0,1,1,1,1,1
413,1,1,1,1,1,1,1
1656,0,0,0,0,0,0,0
1304,0,0,0,0,0,0,0
1664,0,0,0,0,0,0,0
526,1,1,1,1,1,1,0
150,0,0,0,0,0,0,0
993,1,1,1,1,1,1,1
1313,0,0,0,0,1,0,0
647,0,1,1,1,1,0,1
1322,0,0,0,0,0,0,0
197,0,0,0,0,0,0,0
591,0,0,0,0,0,0,0
966,0,0,0,0,0,0,0
1012,1,1,1,1,1,1,1
1501,0,0,0,0,0,0,0
1131,1,1,1,1,1,1,1
678,1,1,1,1,1,1,1
427,0,0,0,0,0,0,0
743,1,1,1,1,1,1,1
1054,1,0,1,0,0,1,1
349,1,1,1,1,1,1,1
602,0,0,0,0,0,0,0
799,1,1,1,1,1,1,1
46,1,1,1,1,1,1,1
988,0,0,0,0,0,0,0
827,1,0,0,0,1,0,1
1376,1,1,1,1,1,1,1
1750,0,0,0,0,0,0,0
147,1,1,1,1,1,1,1
48,0,0,0,0,0,0,0
580,0,0,0,0,0,0,0
455,0,0,0,0,0,0,0
1676,0,0,0,0,0,0,0
286,1,1,1,1,1,1,1
1004,1,1,1,1,1,1,1
1895,1,1,1,1,1,1,1
1789,1,1,1,1,1,1,1
1948,1,1,1,1,1,1,1
634,0,0,0,0,0,0,0
973,1,1,1,1,1,1,1
979,1,1,1,1,1,1,1
22,0,0,0,0,0,0,0
336,0,0,0,0,0,0,0
472,0,0,0,0,0,0,0
372,1,1,1,1,1,1,1
1282,1,1,1,1,1,1,1
36,1,1,1,1,1,1,1
1427,1,1,1,1,1,1,1
978,1,1,1,1,1,1,1
1928,0,0,0,0,1,0,0
1197,1,1,1,1,1,1,1
1413,0,0,0,0,0,0,0
233,1,1,1,1,1,1,1
1829,0,0,0,0,0,0,0
872,1,1,1,1,1,1,1
1128,0,0,0,0,0,0,0
575,0,0,0,0,0,0,0
724,0,0,0,0,0,0,0
550,1,1,1,1,1,1,1
1481,1,1,1,1,1,1,1
1770,0,1,1,1,0,1,1
238,0,0,0,0,0,0,0
902,1,1,1,1,1,1,1
824,1,1,1,1,1,1,1
319,1,1,1,1,1,1,1
773,0,0,0,0,0,0,0
424,1,1,1,1,1,0,1
1772,0,0,0,0,0,0,0
545,1,1,1,1,1,1,1
288,1,1,1,1,1,1,1
753,0,0,0,0,0,0,0
119,1,1,1,1,1,1,1
1701,1,1,1,1,1,1,1
1874,0,0,0,0,0,0,0
76,1,1,1,0,0,1,1
1020,0,0,0,0,0,0,0
1264,0,1,1,1,1,1,1
241,1,1,1,1,1,1,1
1242,0,0,0,0,0,0,0
75,1,1,1,1,1,1,1
446,0,0,0,0,0,0,0
648,0,0,0,0,0,0,0
568,1,1,1,1,1,1,1
1736,0,0,0,0,0,0,0
1879,0,0,0,0,0,0,0
1574,1,1,1,1,1,1,1
911,0,0,0,0,0,0,0
556,0,0,0,0,0,0,0
747,0,0,0,0,0,0,0
1294,1,1,1,1,1,1,1
891,1,1,1,1,1,1,1
239,1,1,1,1,1,1,1
1436,0,0,0,0,0,0,0
1882,1,1,1,1,1,1,1
779,0,0,0,0,0,0,0
1045,1,1,1,1,1,1,1
1655,1,1,1,1,1,1,1
1839,1,1,1,1,1,1,1
1215,1,1,1,1,1,1,1
1061,0,0,0,0,0,0,0
202,0,0,0,0,0,0,0
1414,0,0,0,0,0,1,0
707,0,0,0,0,0,0,0
1171,0,0,0,0,0,0,0
1603,0,0,0,0,0,0,0
1735,1,1,1,1,1,1,1
644,1,1,1,1,1,1,1
1997,1,1,1,1,1,1,1
130,1,1,1,1,1,1,1
137,0,0,0,0,0,0,0
597,1,1,1,1,1,1,1
1687,0,0,0,0,0,0,0
1715,1,1,1,1,1,1,1
1633,1,1,1,1,1,1,1
976,0,0,0,0,0,0,0
1734,0,0,0,0,0,0,0
904,1,1,1,1,1,1,1
1055,0,0,0,0,0,0,0
103,0,1,1,0,1,1,1
915,1,1,1,1,1,1,1
749,1,1,1,1,1,1,1
165,1,1,1,1,1,1,1
1303,0,0,0,0,0,0,0
1990,1,1,1,1,1,1,0
272,0,0,0,0,0,0,0
1669,0,0,0,0,0,0,0
1147,0,0,0,0,0,0,0
471,1,1,1,1,1,1,1
685,0,0,0,0,0,0,0
1423,0,0,0,0,0,0,0
1169,1,1,1,1,1,1,1
1810,0,0,0,0,0,0,0
1835,0,0,0,0,0,0,0
1050,0,0,0,0,0,0,0
1495,0,0,0,0,0,0,0
662,0,0,0,0,0,0,0
951,0,0,0,0,0,0,0
1166,1,1,1,1,1,1,1
106,1,1,1,1,1,1,1
1272,0,0,0,0,0,0,0
283,0,0,0,0,0,0,1
228,0,0,0,0,0,0,0
1974,0,0,0,0,0,0,0
1374,1,1,1,1,1,1,1
791,1,1,1,1,1,1,1
335,0,0,0,0,0,0,0
35,1,1,1,1,1,1,1
1795,1,1,1,1,1,1,1
90,0,0,0,0,0,0,0
655,1,1,1,1,1,1,1
1488,1,1,1,1,1,1,1
1578,0,0,0,0,0,0,0
1049,0,0,0,0,0,0,0
466,0,0,0,0,0,0,0
1149,0,0,0,0,0,0,0
1484,0,0,0,0,0,0,0
360,0,0,0,0,0,0,0
530,1,1,1,1,1,1,1
1309,0,0,0,0,0,0,0
1751,1,1,1,1,1,1,1
1624,0,0,0,0,0,0,0
222,0,0,0,0,0,0,0
445,0,0,0,0,0,0,0
1109,0,0,0,0,0,0,0
682,1,1,1,1,1,1,1
1621,1,1,1,1,1,1,1
383,0,0,0,0,0,0,0
387,1,1,1,1,1,1,1
1922,1,1,1,1,1,1,1
1914,1,1,1,1,1,1,1
740,0,0,0,0,0,0,0
774,0,0,0,0,0,0,0
185,1,1,1,1,1,1,1
1181,1,1,1,1,1,1,1
1277,1,1,1,1,1,1,1
646,0,0,0,0,0,0,0
1521,0,0,0,0,0,0,0
72,1,1,1,1,1,1,1
1239,1,1,1,1,1,1,1
1302,1,1,1,1,1,1,1
1894,1,1,1,1,1,1,1
183,0,0,0,0,0,0,0
666,0,0,0,0,0,0,0
1985,1,1,1,1,1,1,1
759,1,1,1,1,1,1,1
214,1,1,1,1,1,1,1
1284,1,1,1,1,1,1,1
1331,1,1,0,1,0,1,1
629,0,0,0,0,0,0,0
1119,1,1,1,1,1,1,1
144,0,0,0,0,0,0,0
316,1,1,1,1,1,1,1
926,0,0,0,0,0,0,0
643,0,0,0,0,0,0,0
1876,0,1,0,0,0,0,0
734,0,0,0,0,0,0,0
225,0,0,0,0,0,0,0
1307,1,1,1,1,1,1,1
811,0,0,0,0,0,0,0
1034,1,1,1,1,1,1,1
139,0,0,0,0,0,0,0
127,0,0,0,0,0,0,0
761,0,0,0,0,0,0,0
679,0,0,0,0,0,0,0
817,0,0,0,0,0,0,0
1007,0,0,0,0,0,0,0
1136,0,0,0,0,0,0,0
1339,1,1,1,1,1,1,1
384,1,1,1,1,1,1,1
243,0,0,0,0,0,0,0
1744,0,0,0,0,0,0,0
713,0,0,0,0,0,0,0
764,0,0,0,0,0,0,0
1058,1,1,1,1,1,1,1
421,1,1,1,1,1,1,1
721,0,0,0,0,0,0,0
1926,0,0,0,0,0,0,0
632,1,1,1,1,1,1,1
921,1,1,1,1,1,1,1
720,0,0,0,0,0,0,0
1814,1,0,1,1,1,1,1
665,0,0,0,0,0,0,0
563,0,0,0,0,0,0,0
691,0,0,0,0,0,0,0
1027,0,0,0,0,0,0,0
444,1,1,1,1,1,1,1
1163,1,1,1,1,1,1,1
390,0,0,0,0,0,0,0
788,0,0,0,0,0,0,0
373,0,0,0,0,0,0,0
1972,1,1,1,1,1,1,1
1198,1,1,1,1,1,1,1
1326,0,0,0,0,0,0,0
1022,0,0,0,0,0,0,0
579,1,1,1,1,1,1,1
1786,0,0,0,0,0,0,0
97,0,0,0,0,1,1,0
1549,1,1,1,1,1,1,1
1082,0,0,0,0,0,0,0
1706,1,1,1,1,0,1,1
56,0,0,0,0,0,0,0
673,1,1,1,1,1,1,1
794,0,0,0,0,0,0,0
403,0,0,0,0,0,0,0
614,0,0,0,0,0,0,0
45,0,0,0,0,0,0,0
1029,1,1,1,1,1,1,1
1259,0,0,0,0,0,0,0
1013,0,0,0,0,1,0,0
47,1,1,1,1,1,1,1
527,0,0,0,0,0,0,0
1698,1,1,1,1,1,1,1
1006,1,1,1,1,1,1,1
1847,0,0,0,0,0,0,0
1110,0,0,0,0,0,0,0
1868,0,0,0,0,0,0,0
1796,1,1,1,1,1,1,1
1960,0,0,0,0,0,0,0
1514,0,0,0,0,0,0,0
604,0,0,0,0,0,0,0
1612,1,1,1,1,1,1,1
102,0,0,0,0,0,0,0
513,0,0,0,0,0,0,0
248,1,1,1,1,1,1,1
193,1,1,1,1,1,1,1
1622,0,0,0,0,0,0,0
1475,1,1,1,1,1,1,1
920,1,1,1,1,1,1,1
1927,1,1,1,1,1,1,1
52,0,1,0,0,0,1,0
1585,1,1,1,1,1,1,1
1607,1,1,1,1,1,1,1
1060,1,1,1,1,1,1,1
1739,1,1,1,1,1,1,1
250,0,0,1,0,0,0,0
1852,1,1,1,1,1,1,1
576,0,0,0,0,0,0,0
705,1,1,1,1,1,1,1
945,0,0,0,0,0,0,0
613,1,1,1,1,1,1,1
1793,1,1,1,1,1,1,1
324,1,1,1,1,1,1,1
339,0,0,0,0,0,0,0
1229,0,0,0,0,0,0,0
650,1,1,1,1,1,1,1
1506,0,0,0,0,0,0,0
333,1,1,1,1,1,1,1
6,1,1,0,1,0,1,0
1449,1,1,0,0,1,1,0
1419,1,1,1,0,0,0,0
15,1,1,1,1,1,1,1
1584,1,1,1,1,1,1,1
1630,1,1,1,1,1,1,1
611,1,1,1,1,1,1,1
1432,0,0,0,0,0,0,0
1293,1,0,0,1,0,0,1
429,1,1,1,1,1,1,1
1942,0,0,0,0,0,0,0
252,0,0,0,0,0,0,0
1001,0,0,0,0,0,0,0
1569,0,0,0,0,0,0,0
1885,0,0,0,0,0,0,0
1352,0,0,0,0,0,0,0
332,0,0,0,0,0,0,0
1536,1,1,1,1,0,1,1
1442,0,0,0,0,0,0,0
1510,1,1,1,1,1,1,1
606,1,1,1,1,1,1,1
1781,1,1,1,1,1,1,1
901,1,1,1,1,1,1,1
402,1,1,1,1,1,1,1
1311,0,0,0,0,0,0,0
279,0,0,0,0,0,0,0
1891,1,1,1,1,1,1,1
1472,1,1,1,1,1,0,0
53,1,1,1,1,1,1,1
10,1,1,1,1,1,1,1
1892,0,0,0,0,0,0,0
880,0,0,0,0,0,0,0
1070,0,0,0,0,0,0,0
420,0,0,0,0,0,0,0
1741,1,1,0,0,1,0,1
1301,0,0,0,0,0,0,0
1917,1,1,1,1,1,1,1
219,1,1,1,1,1,1,1
1204,1,0,0,0,0,1,1
1230,0,0,0,0,0,0,0
1179,0,0,0,0,0,0,0
960,1,1,1,1,1,1,1
615,1,1,1,1,1,1,1
1165,0,0,0,0,0,0,0
24,0,0,0,0,0,0,0
273,1,1,1,1,1,1,1
1428,0,1,0,0,0,0,1
862,0,0,0,0,0,0,0
1830,0,0,0,0,0,0,0
1409,1,1,1,1,1,1,1
1993,0,0,0,0,0,0,0
622,0,0,0,0,0,0,0
607,1,1,1,1,1,1,1
588,0,0,0,0,0,0,0
1344,0,0,0,0,0,0,0
990,1,1,1,1,1,1,1
1323,0,0,0,0,0,0,0
315,0,0,0,0,0,0,1
28,0,0,0,0,0,0,0
347,1,1,1,1,1,1,1
408,1,1,1,1,1,1,1
756,1,1,1,1,1,1,1
1677,1,1,1,1,1,1,1
1877,1,1,1,1,1,1,1
462,1,1,1,1,1,1,1
630,1,1,1,1,1,1,1
846,0,0,0,0,0,0,0
1115,1,1,1,1,1,1,1
1880,0,0,0,0,0,0,0
1018,1,1,1,1,1,1,1
584,0,0,0,0,0,0,0
917,0,0,0,0,0,0,0
1934,0,0,0,0,0,0,0
1127,1,1,1,1,1,1,1
1908,0,0,0,0,0,0,0
1502,1,1,1,1,1,1,1
1818,0,0,0,0,0,0,0
180,1,1,1,1,1,1,1
621,0,0,0,0,0,0,0
1173,0,0,0,0,0,0,0
805,0,0,0,0,0,0,0
1811,1,1,1,1,1,1,1
256,0,0,1,0,0,0,0
617,1,1,1,1,1,1,1
642,1,1,1,1,1,1,1
816,1,1,1,1,1,1,1
1577,1,1,1,1,1,1,1
1265,0,0,0,0,0,0,0
787,1,1,1,1,1,1,1
374,1,1,1,1,1,1,1
548,1,1,1,1,1,1,1
1106,0,0,0,0,0,0,0
232,1,1,1,1,1,1,1
1170,1,1,1,1,1,1,1
1940,1,1,1,1,1,1,1
589,0,0,0,0,0,0,0
1498,0,0,0,0,0,0,0
1387,0,0,1,0,0,0,0
1730,0,0,0,0,0,0,0
343,1,1,1,1,1,1,1
767,0,0,0,0,0,0,0
852,0,0,0,0,0,0,0
1834,1,0,1,1,1,1,1
1097,0,0,0,0,0,0,0
1654,0,0,0,0,0,0,0
1725,1,1,1,1,1,1,1
1003,0,0,0,0,0,0,0
1920,0,0,1,0,0,0,0
1462,0,1,1,1,1,1,1
1044,0,0,0,0,0,0,0
1733,0,0,0,0,0,0,0
499,1,1,1,1,1,1,1
858,1,1,1,1,1,1,1
251,0,0,0,0,0,0,0
1133,1,1,1,1,1,1,1
765,1,1,1,1,1,1,1
1507,1,1,1,1,1,1,1
1970,0,0,0,0,0,0,0
706,1,1,1,1,1,1,1
1833,0,0,0,0,0,0,0
1493,0,0,0,0,0,0,0
964,1,0,1,0,0,0,0
687,1,1,1,1,1,0,1
1523,1,1,1,1,1,1,1
1460,0,0,0,0,0,0,0
406,1,1,1,1,1,1,1
562,1,1,1,1,1,1,1
1855,0,0,0,0,0,0,0
1067,0,0,0,0,0,0,0
708,0,0,0,0,0,0,0
18,0,0,0,0,0,0,0
442,1,1,1,1,1,1,1
677,0,0,0,0,0,0,0
207,1,1,1,1,1,1,1
1746,0,0,0,0,1,0,0
153,1,1,1,1,1,1,1
411,0,0,0,0,0,0,0
134,0,0,0,0,0,0,0
1513,0,0,0,0,0,0,0
1503,1,1,1,1,1,1,1
1752,0,0,0,0,0,0,0
430,1,1,1,1,1,1,1
1933,0,0,0,0,0,0,0
1378,1,1,1,1,1,1,1
1433,1,1,1,1,1,1,1
1209,1,1,0,1,1,1,1
1369,0,0,0,0,0,0,0
498,0,0,0,0,0,0,0
517,0,0,0,0,0,0,0
1286,1,1,1,1,1,1,1
709,1,0,0,0,1,0,1
443,0,0,0,0,0,0,0
1935,0,0,0,0,0,0,0
1346,0,0,0,0,0,0,0
1384,0,0,0,0,0,0,0
1223,1,1,1,1,1,1,1
269,0,0,0,0,0,0,0
356,1,1,1,1,1,1,1
1314,0,0,0,0,0,0,0
823,1,1,1,1,1,1,1
210,0,0,0,0,0,0,0
739,1,1,1,1,1,1,1
595,1,1,1,1,1,1,1
482,0,0,0,0,0,0,0
1453,0,0,0,0,0,0,0
266,0,0,0,0,0,0,0
1382,0,0,0,0,0,0,0
1101,1,1,1,1,1,1,1
1518,0,0,0,0,0,0,0
141,0,0,0,0,0,0,0
552,0,0,0,0,0,0,0
1631,1,1,1,1,1,1,1
140,1,1,1,1,1,1,1
1080,0,0,0,0,0,0,0
1214,0,0,0,0,0,0,0
460,1,1,1,1,1,1,1
1036,0,0,0,0,0,0,0
379,0,0,1,0,1,0,0
1019,0,0,0,0,1,0,0
1315,1,1,1,1,1,1,1
334,1,1,0,0,1,1,1
731,0,0,0,0,0,0,0
715,0,0,0,0,0,0,0
375,0,0,0,0,0,0,0
419,0,0,0,0,0,0,0
842,1,1,1,1,1,1,1
1159,1,1,1,1,1,1,1
1221,0,0,0,0,0,0,0
1404,1,1,1,1,1,1,1
641,0,0,0,0,0,0,0
32,1,1,1,1,1,1,1
1591,0,0,0,0,0,0,0
1129,1,1,1,1,1,1,1
1666,0,0,1,0,0,0,0
1638,1,1,1,1,1,1,1
554,1,1,1,1,1,1,1
224,1,1,1,1,1,1,1
304,0,0,0,0,0,0,0
600,1,1,1,1,1,1,1
216,0,0,0,0,0,0,0
278,1,1,1,1,1,1,1
66,0,0,0,0,0,0,0
1164,1,1,1,1,1,1,1
1684,0,0,0,0,0,0,0
1905,1,1,1,1,1,1,1
138,1,1,1,1,0,1,1
1988,0,0,0,0,0,0,0
1587,1,1,1,1,1,1,1
1783,1,1,1,1,1,1,1
1360,1,1,1,1,1,1,1
1455,1,1,1,1,1,1,1
302,1,1,1,1,1,1,1
768,1,1,1,1,1,1,1
13,0,0,0,0,0,0,0
1107,1,1,1,1,1,1,1
1807,0,0,0,0,0,0,0
695,0,0,0,0,0,0,0
1000,1,1,1,1,1,1,1
1653,0,0,0,0,0,0,0
1064,1,1,1,1,1,1,1
1237,0,0,0,0,0,0,0
984,0,0,0,0,0,0,0
671,0,0,0,0,0,0,0
1691,1,1,1,1,1,1,1
370,0,0,0,0,0,0,0
1463,0,0,0,0,0,0,0
1426,1,1,1,1,1,1,1
16,1,1,0,1,1,1,1
798,1,1,1,1,1,1,1
1537,1,1,1,1,1,1,1
1954,1,1,1,1,1,1,1
1527,0,0,1,1,1,0,1
577,0,0,0,0,0,0,0
840,0,0,0,0,0,1,0
308,1,1,0,1,1,0,1
1897,0,0,0,0,0,0,0
220,1,1,0,1,0,1,1
1663,0,0,0,0,0,0,0
337,1,1,1,1,1,1,1
1979,1,1,1,1,1,1,1
124,1,1,1,1,1,1,1
457,1,1,1,1,1,1,1
1338,1,1,1,1,1,1,1
661,1,1,1,1,1,1,1
1185,0,0,0,0,0,0,0
1968,1,1,1,1,1,1,1
1319,1,1,1,1,1,1,1
651,0,0,0,0,0,0,0
1815,0,0,0,0,0,0,0
1599,0,0,0,0,0,0,0
1827,1,1,1,1,1,1,1
1258,0,0,0,0,0,0,0
323,1,1,1,1,1,1,1
818,1,1,1,1,1,1,1
177,0,0,0,0,0,0,0
583,1,1,0,1,1,1,0
1567,0,0,0,0,0,0,0
1108,1,1,1,1,1,1,1
658,1,1,1,1,1,1,1
1726,1,0,1,1,1,0,1
1705,1,1,0,1,1,1,1
93,1,1,1,1,1,1,1
342,0,0,0,0,0,0,0
1878,1,1,1,1,1,1,1
330,1,1,1,0,1,0,1
1824,1,1,1,1,1,1,1
733,1,1,1,1,1,1,1
199,1,1,1,1,1,1,1
815,1,1,1,1,1,1,1
1099,0,0,0,0,0,0,0
542,1,0,1,1,1,1,1
1568,0,0,0,0,0,0,0
181,0,0,0,0,0,0,0
1773,1,1,1,1,1,1,1
812,1,1,1,1,1,1,1
940,0,0,0,0,0,0,0
922,1,1,1,1,1,1,1
736,0,0,0,0,0,0,0
9,0,0,0,0,0,1,0
459,0,0,1,0,0,0,0
284,1,1,1,1,1,1,1
1991,0,0,0,0,0,0,0
1780,1,1,1,1,1,1,1
1349,0,0,0,0,0,0,0
1439,0,0,0,0,0,0,0
681,0,0,0,0,0,0,0
1288,0,1,1,0,1,0,1
1112,0,0,0,0,0,0,0
393,0,0,0,0,0,0,0
208,1,1,1,1,1,1,1
1324,1,1,1,1,1,1,1
405,0,0,0,0,0,0,0
1614,1,1,1,1,1,1,1
1688,0,1,1,1,0,1,0
1660,1,1,1,1,1,1,1
1667,0,1,1,0,0,0,0
867,1,1,0,1,0,1,0
1424,1,1,1,1,1,1,1
1228,0,0,0,0,0,0,0
948,0,0,0,0,0,0,0
1864,0,0,0,0,0,0,0
735,1,1,1,1,1,1,1
1674,1,1,1,1,1,1,1
581,0,0,0,0,0,0,0
1394,1,1,1,1,1,1,1
1450,0,0,0,0,0,0,0
1496,0,0,0,0,0,0,0
1468,1,1,1,0,1,1,1
1469,1,1,1,1,1,1,1
1798,1,1,1,1,1,1,1
201,1,1,1,1,1,1,1
1290,1,1,1,1,1,1,1
107,0,0,0,0,0,0,0
674,0,0,0,0,0,0,1
889,1,1,1,1,1,1,1
381,0,0,0,0,0,0,0
295,1,1,1,1,0,1,1
385,1,1,1,1,1,1,1
63,0,0,0,0,0,0,0
1913,1,1,1,1,1,1,1
1195,1,1,1,1,1,1,1
1966,0,0,0,0,0,0,0
656,0,0,0,0,0,0,0
158,0,0,0,0,0,0,0
81,0,0,0,0,0,0,0
1822,0,0,0,0,0,0,0
217,1,1,1,1,1,1,1
1906,1,1,1,1,1,1,1
1984,0,0,0,0,0,0,0
152,1,0,0,0,0,0,1
1904,1,1,1,1,1,1,1
1579,0,0,0,0,0,0,0
1696,0,0,0,0,0,0,0
213,0,1,0,0,0,1,0
1370,0,0,0,0,0,0,0
394,0,0,0,0,0,0,0
1482,0,0,0,0,0,0,0
969,0,0,1,0,0,0,0
98,0,0,0,0,0,0,0
565,0,0,0,0,0,0,0
89,1,1,1,1,1,1,1
307,1,1,1,1,1,1,1
959,1,1,1,1,1,1,1
981,0,0,0,0,0,0,0
910,0,0,0,0,0,0,0
78,0,0,0,0,0,0,0
1861,1,1,1,1,1,1,1
506,1,1,1,1,1,1,1
1459,0,0,0,0,0,0,0
1467,0,0,0,0,1,0,0
67,0,0,0,0,0,0,0
194,1,1,1,1,1,1,1
903,1,1,1,1,1,1,1
1605,0,0,0,0,0,0,0
246,1,1,1,1,1,1,1
1336,1,0,0,0,0,0,0
1548,1,1,1,1,1,1,1
837,0,0,0,0,0,0,0
200,0,0,0,0,0,0,0
1440,1,1,1,1,1,1,1
1837,1,1,1,1,1,1,1
1967,0,0,0,0,0,0,0
178,1,1,1,1,1,1,1
693,1,1,1,1,1,1,1
1559,1,1,1,1,1,1,1
1973,1,1,1,1,1,1,1
1777,1,1,1,1,1,1,1
559,0,0,0,0,0,0,0
1996,0,0,0,0,0,0,0
1125,0,0,0,0,0,0,0
417,0,0,0,0,0,0,0
861,1,1,1,1,1,1,1
863,0,0,0,0,0,0,0
1672,0,0,0,0,0,0,0
537,1,1,1,1,1,1,1
745,1,1,1,1,1,1,1
344,0,0,0,0,0,0,0
939,0,0,0,0,0,0,0
1825,0,0,0,0,0,0,0
699,0,0,0,0,0,0,0
635,1,1,1,1,1,1,1
488,0,0,0,0,0,0,0
40,0,0,0,0,0,0,0
398,0,0,0,0,0,0,0
1723,1,1,1,1,1,1,0
111,0,0,0,0,0,0,1
989,0,0,0,0,0,0,0
440,0,0,0,0,0,0,0
1184,0,0,0,0,0,0,0
1318,0,0,0,0,0,0,0
479,1,1,1,1,1,1,1
265,1,1,1,1,1,1,1
1719,1,1,1,1,1,1,1
1422,0,0,1,1,1,1,1
1648,0,0,0,0,0,0,0
991,1,1,1,1,1,1,1
1220,0,0,0,0,0,0,0
235,0,0,0,0,0,0,0
41,1,1,1,1,1,1,1
306,0,0,0,0,0,0,0
1555,0,0,0,0,0,0,0
857,0,0,0,0,0,0,0
974,0,0,0,0,1,0,0
77,1,1,1,1,1,1,1
92,0,0,0,0,0,0,0
1111,0,0,0,0,0,0,0
619,1,1,1,1,1,1,1
1907,0,0,0,0,0,0,0
1295,1,1,1,1,1,1,1
539,0,0,0,0,0,0,0
1646,1,1,1,1,1,1,0
1883,1,1,1,0,1,1,1
1642,1,1,1,1,1,1,1
1196,1,1,1,1,0,1,1
1233,1,1,1,1,1,1,1
766,1,1,1,1,1,1,1
170,1,1,1,1,1,1,1
263,1,1,1,1,1,1,1
115,0,0,0,0,0,0,0
1337,1,1,0,1,1,1,1
1030,0,0,0,0,0,0,0
1947,0,0,0,0,0,0,0
1289,0,0,0,0,0,0,0
737,0,0,0,0,0,0,0
264,0,0,0,0,0,0,0
1033,0,0,0,0,0,0,0
91,0,0,0,0,0,0,0
410,1,1,1,1,1,1,1
1351,1,1,1,1,1,1,1
932,0,0,0,0,0,0,0
1253,0,0,0,0,0,0,0
944,1,1,1,1,1,1,1
364,0,1,0,0,0,0,0
161,0,0,0,0,0,0,0
942,1,1,0,1,0,0,0
1412,1,1,1,1,1,1,1
1083,0,0,0,0,0,0,0
1901,1,1,1,1,1,1,1
702,0,0,0,0,0,0,0
218,0,0,0,0,0,0,0
574,0,0,0,0,0,0,0
184,0,0,0,0,0,0,0
276,0,0,1,1,0,0,0
409,1,1,1,1,1,1,1
531,0,0,0,0,0,0,0
1856,1,1,1,1,1,1,1
986,0,0,0,0,0,0,0
994,1,1,1,1,1,0,1
1611,0,0,0,0,0,0,0
1871,0,0,0,0,0,0,0
191,1,1,1,1,1,1,1
1418,0,0,0,0,0,0,0
365,0,0,0,0,0,0,0
1075,0,0,0,0,0,0,0
1024,1,1,1,1,1,1,1
245,1,1,1,1,1,1,1
1283,0,0,0,0,0,0,0
529,0,0,0,0,0,0,0
1093,1,1,1,1,1,1,1
905,1,1,1,1,1,1,1
899,1,1,1,1,1,1,1
832,1,1,1,1,1,1,1
1120,1,1,1,1,1,1,1
1939,0,0,0,0,0,0,0
1043,1,1,1,1,1,1,1
883,0,0,0,0,0,0,0
1757,1,1,1,1,1,1,1
1287,1,1,1,1,1,1,1
1114,1,1,1,1,1,1,1
8,1,1,1,1,1,1,1
1945,0,0,0,0,0,0,0
1053,0,0,0,0,0,0,0
1123,0,0,0,0,0,0,0
